metric,alpha,C,r2_logspace
min_mse_true_mean,2.124764935083596,0.0009239151280328362,0.9906103639007695
min_mse_true_mean_norm_noise,2.124764935083597,0.023097878200820852,0.9906103639007695
min_mse_true_mean_rel_d1,2.1247649372218005,1.2221099480815447,0.990610363887436
